Salary from ABC-inc,3500,2021-05-02T14:34:29.661Z
Transference Restaurant Caposhes,-74.96,2021-05-21T05:51:13.149Z
Transference Restaurant Caposhes,-32.28,2021-05-22T23:15:00.593Z
Transference Restaurant Caposhes,-119.35,2021-05-24T18:54:49.075Z
Transference Restaurant Caposhes,-108.74,2021-05-30T07:20:08.366Z
Transference Supermarket Glaschaeder,-36.36,2021-05-03T04:01:15.875Z
Transference Supermarket Glaschaeder,-66.62,2021-05-30T15:14:57.806Z
Transference Supermarket Glaschaeder,-82.13,2021-05-01T05:54:07.012Z
Transference Supermarket Glaschaeder,-184.26,2021-05-16T06:44:45.555Z
Transference Supermarket Glaschaeder,-111.61,2021-05-15T05:31:57.657Z
Transference Supermarket Glaschaeder,-32.56,2021-05-22T14:56:12.061Z
Transference Supermarket Glaschaeder,-132.66,2021-05-15T03:06:27.499Z
Transference Supermarket Glaschaeder,-79.32,2021-05-27T08:00:52.742Z
Transference Supermarket Glaschaeder,-176.41,2021-05-18T00:50:15.634Z
Transference Online Shopping Gagustha,-45.94,2021-05-09T04:59:10.134Z
Transference Online Shopping Gagustha,-151.63,2021-05-27T04:07:45.184Z
Transference Online Shopping Gagustha,-54.95,2021-05-31T05:58:08.884Z
Transference from Steve Joe,2.59,2021-05-08T15:09:11.676Z
Transference from Steve Joe,-18.11,2021-05-06T23:45:26.890Z
Transference from Steve Joe,4,2021-05-08T19:44:08.010Z
Transference from Steve Joe,16.05,2021-05-23T10:02:27.758Z
Transference Electric Sflinder,-244.86,2021-05-05T18:45:54.017Z
Transference Internet FeFa Telecomunications,-65,2021-05-07T23:26:05.119Z
Salary from ABC-inc,3500,2021-04-02T08:26:55.845Z
Transference Restaurant Caposhes,-67.86,2021-04-15T13:51:44.286Z
Transference Restaurant Caposhes,-43.1,2021-04-29T02:20:04.164Z
Transference Supermarket Glaschaeder,-80.19,2021-04-13T18:34:07.324Z
Transference Supermarket Glaschaeder,-157.06,2021-04-30T14:58:15.220Z
Transference Supermarket Glaschaeder,-111.78,2021-04-09T02:46:58.206Z
Transference Supermarket Glaschaeder,-182.74,2021-04-19T12:14:32.295Z
Transference Supermarket Glaschaeder,-95.46,2021-04-06T19:55:53.415Z
Transference Supermarket Glaschaeder,-61.57,2021-04-23T14:35:08.298Z
Transference Supermarket Glaschaeder,-145.98,2021-04-04T04:29:06.507Z
Transference Supermarket Glaschaeder,-147.04,2021-04-21T08:02:59.556Z
Transference Supermarket Glaschaeder,-139.13,2021-04-27T03:29:50.198Z
Transference Supermarket Glaschaeder,-33.4,2021-04-07T01:03:26.632Z
Transference Supermarket Glaschaeder,-198.88,2021-04-23T08:50:12.796Z
Transference Supermarket Glaschaeder,-119.76,2021-04-28T02:44:18.382Z
Transference Online Shopping Gagustha,-144.18,2021-04-17T15:30:24.165Z
Transference Online Shopping Gagustha,-81.62,2021-04-30T01:37:17.940Z
Transference Online Shopping Gagustha,-26.44,2021-04-04T06:33:28.700Z
Transference from Steve Joe,-19.25,2021-04-09T12:16:57.013Z
Transference from Steve Joe,-18.21,2021-05-01T15:57:55.305Z
Transference from Steve Joe,5.22,2021-04-29T07:29:27.623Z
Transference from Steve Joe,-18.71,2021-05-01T19:43:36.656Z
Transference Electric Sflinder,-229.44,2021-04-05T10:11:35.140Z
Transference Internet FeFa Telecomunications,-65,2021-04-08T15:47:53.379Z
Salary from ABC-inc,3500,2021-03-02T11:09:39.352Z
Transference Restaurant Caposhes,-54.61,2021-03-13T05:41:56.610Z
Transference Restaurant Caposhes,-51.3,2021-03-08T12:19:59.622Z
Transference Supermarket Glaschaeder,-164.04,2021-03-29T03:25:19.277Z
Transference Supermarket Glaschaeder,-83.66,2021-03-31T12:13:18.237Z
Transference Supermarket Glaschaeder,-132.14,2021-03-22T20:15:20.866Z
Transference Supermarket Glaschaeder,-95.17,2021-03-19T09:24:45.215Z
Transference Supermarket Glaschaeder,-96.51,2021-03-23T09:56:44.581Z
Transference Supermarket Glaschaeder,-165.9,2021-03-27T17:04:46.065Z
Transference Online Shopping Gagustha,-35.68,2021-03-04T22:52:31.996Z
Transference Online Shopping Gagustha,-56.35,2021-03-19T02:57:31.181Z
Transference Online Shopping Gagustha,-193.59,2021-03-26T06:43:27.161Z
Transference Online Shopping Gagustha,-45,2021-03-14T09:32:28.951Z
Transference from Steve Joe,7.27,2021-03-31T01:56:13.573Z
Transference from Steve Joe,15.01,2021-03-11T17:04:41.918Z
Transference from Steve Joe,11.85,2021-03-31T14:54:23.529Z
Transference Electric Sflinder,-230.33,2021-03-05T13:35:50.785Z
Transference Waters Galgoeis,-83.27,2021-03-06T20:08:15.055Z
Transference Internet FeFa Telecomunications,-65,2021-03-08T00:38:09.966Z
Salary from ABC-inc,3500,2021-02-02T05:44:40.929Z
Transference Restaurant Caposhes,-71.47,2021-02-14T02:55:29.813Z
Transference Restaurant Caposhes,-94.61,2021-03-02T21:05:14.099Z
Transference Restaurant Caposhes,-83.05,2021-02-23T04:40:25.155Z
Transference Restaurant Caposhes,-74.21,2021-02-04T20:26:31.677Z
Transference Restaurant Caposhes,-80.15,2021-02-12T11:49:58.842Z
Transference Supermarket Glaschaeder,-152.01,2021-02-08T16:46:21.708Z
Transference Supermarket Glaschaeder,-199.96,2021-02-22T07:36:29.365Z
Transference Supermarket Glaschaeder,-104.92,2021-02-02T19:46:21.838Z
Transference Supermarket Glaschaeder,-54.13,2021-02-16T20:44:45.141Z
Transference Supermarket Glaschaeder,-145.4,2021-03-03T18:57:25.554Z
Transference Supermarket Glaschaeder,-98.54,2021-02-06T08:01:44.189Z
Transference Supermarket Glaschaeder,-47.26,2021-02-07T07:31:11.556Z
Transference Online Shopping Gagustha,-49.34,2021-02-22T03:28:19.736Z
Transference Online Shopping Gagustha,-78.24,2021-02-15T20:44:14.673Z
Transference from Steve Joe,5.84,2021-02-28T12:03:10.590Z
Transference Electric Sflinder,-242.24,2021-02-04T23:42:12.251Z
Transference Internet FeFa Telecomunications,-65,2021-02-08T16:31:15.587Z
Salary from ABC-inc,3500,2021-01-02T22:20:41.131Z
Transference Restaurant Caposhes,-113.82,2021-01-06T13:15:19.535Z
Transference Restaurant Caposhes,-116.77,2021-01-03T05:07:45.858Z
Transference Supermarket Glaschaeder,-78.46,2021-01-28T02:57:43.303Z
Transference Supermarket Glaschaeder,-53.01,2021-01-17T12:54:38.353Z
Transference Supermarket Glaschaeder,-43.67,2021-01-04T04:18:16.281Z
Transference Supermarket Glaschaeder,-31.03,2021-01-05T11:52:18.471Z
Transference Supermarket Glaschaeder,-71.16,2021-01-29T13:46:33.522Z
Transference Supermarket Glaschaeder,-23.36,2021-01-22T03:27:35.335Z
Transference Supermarket Glaschaeder,-101.18,2021-01-04T08:19:34.009Z
Transference Supermarket Glaschaeder,-183.22,2021-01-02T06:08:49.146Z
Transference Supermarket Glaschaeder,-32.47,2021-01-28T14:09:45.276Z
Transference Supermarket Glaschaeder,-128.15,2021-01-31T03:38:05.482Z
Transference Online Shopping Gagustha,-168.42,2021-01-06T02:50:39.634Z
Transference Online Shopping Gagustha,-73.33,2021-01-29T23:28:07.822Z
Transference Online Shopping Gagustha,-135.17,2021-01-09T02:18:10.079Z
Transference Online Shopping Gagustha,-111.11,2021-01-01T13:40:33.974Z
Transference from Steve Joe,-19.02,2021-01-11T23:42:28.237Z
Transference from Steve Joe,-6.34,2021-01-15T23:22:10.411Z
Transference from Steve Joe,-17.04,2021-01-15T14:36:37.909Z
Transference from Steve Joe,0.69,2021-01-22T09:45:09.609Z
Transference from Steve Joe,-18.02,2021-01-27T00:53:47.791Z
Transference Electric Sflinder,-234.56,2021-01-05T19:18:43.808Z
Transference Internet FeFa Telecomunications,-65,2021-01-08T13:21:13.938Z
Salary from ABC-inc,3500,2020-12-02T18:58:10.028Z
Transference Restaurant Caposhes,-111.56,2020-12-21T22:28:48.077Z
Transference Restaurant Caposhes,-56.99,2020-12-28T05:45:12.155Z
Transference Supermarket Glaschaeder,-51.2,2020-12-09T10:41:30.064Z
Transference Supermarket Glaschaeder,-25.49,2020-12-07T04:41:01.194Z
Transference Supermarket Glaschaeder,-122.12,2020-12-08T09:13:00.715Z
Transference Supermarket Glaschaeder,-70.55,2020-12-18T12:10:09.003Z
Transference Supermarket Glaschaeder,-65.72,2020-12-20T13:51:33.552Z
Transference Supermarket Glaschaeder,-45.51,2020-12-11T12:56:36.225Z
Transference Supermarket Glaschaeder,-73.5,2020-12-28T03:13:49.084Z
Transference Supermarket Glaschaeder,-71.04,2020-12-27T21:52:38.205Z
Transference Supermarket Glaschaeder,-119.12,2020-12-06T14:40:56.722Z
Transference Supermarket Glaschaeder,-60.21,2020-12-03T19:09:33.624Z
Transference Supermarket Glaschaeder,-168.57,2020-12-05T12:02:22.426Z
Transference Online Shopping Gagustha,-74.77,2020-12-21T07:50:07.853Z
Transference Online Shopping Gagustha,-169.58,2020-12-19T13:47:01.449Z
Transference Online Shopping Gagustha,-140.37,2020-12-29T20:27:00.587Z
Transference Online Shopping Gagustha,-27.25,2020-12-26T12:49:51.897Z
Transference from Steve Joe,-11.48,2020-12-15T13:27:19.670Z
Transference from Steve Joe,-5.79,2020-12-18T02:00:26.284Z
Transference Electric Sflinder,-246.94,2020-12-05T09:43:48.579Z
Transference Internet FeFa Telecomunications,-65,2020-12-08T14:19:16.327Z
Salary from ABC-inc,3500,2020-11-02T21:25:55.373Z
Transference Restaurant Caposhes,-67.92,2020-11-01T14:32:17.620Z
Transference Restaurant Caposhes,-39.53,2020-11-28T13:38:20.495Z
Transference Restaurant Caposhes,-77.75,2020-11-23T22:54:06.044Z
Transference Restaurant Caposhes,-43.81,2020-11-20T19:21:30.365Z
Transference Restaurant Caposhes,-69.04,2020-11-07T01:16:44.302Z
Transference Supermarket Glaschaeder,-142.04,2020-11-30T07:56:13.304Z
Transference Supermarket Glaschaeder,-64.55,2020-11-18T12:09:55.719Z
Transference Supermarket Glaschaeder,-55.68,2020-11-11T21:01:10.307Z
Transference Supermarket Glaschaeder,-167.87,2020-11-18T14:16:40.554Z
Transference Supermarket Glaschaeder,-42.36,2020-11-29T10:43:05.908Z
Transference Supermarket Glaschaeder,-133.25,2020-11-06T09:10:56.963Z
Transference Supermarket Glaschaeder,-44.48,2020-11-06T17:56:12.705Z
Transference Online Shopping Gagustha,-84.95,2020-11-06T23:28:00.471Z
Transference Online Shopping Gagustha,-104.69,2020-11-01T23:48:51.068Z
Transference Online Shopping Gagustha,-60.42,2020-11-05T10:19:53.918Z
Transference Online Shopping Gagustha,-73.43,2020-11-25T00:32:25.508Z
Transference from Steve Joe,-3.54,2020-11-12T00:39:59.278Z
Transference from Steve Joe,4.35,2020-11-20T22:22:07.744Z
Transference from Steve Joe,-19.29,2020-11-17T21:51:28.413Z
Transference from Steve Joe,18.04,2020-11-30T09:48:11.019Z
Transference from Steve Joe,4.08,2020-11-06T12:44:27.400Z
Transference Electric Sflinder,-235.51,2020-11-05T16:19:45.477Z
Transference Internet FeFa Telecomunications,-65,2020-11-08T12:26:39.531Z
Salary from ABC-inc,3500,2020-10-02T05:06:16.549Z
Transference Restaurant Caposhes,-61.41,2020-10-23T18:27:07.702Z
Transference Restaurant Caposhes,-88.48,2020-10-02T12:38:49.584Z
Transference Restaurant Caposhes,-83.35,2020-10-27T21:57:12.256Z
Transference Supermarket Glaschaeder,-101.33,2020-10-21T09:40:13.995Z
Transference Supermarket Glaschaeder,-152.57,2020-10-27T10:55:18.467Z
Transference Supermarket Glaschaeder,-62.93,2020-10-28T11:23:32.186Z
Transference Supermarket Glaschaeder,-103.16,2020-10-08T16:18:36.089Z
Transference Supermarket Glaschaeder,-158.98,2020-10-18T01:30:32.381Z
Transference Supermarket Glaschaeder,-94.45,2020-10-07T17:02:09.540Z
Transference Supermarket Glaschaeder,-119.32,2020-10-09T15:34:56.036Z
Transference Online Shopping Gagustha,-150.24,2020-10-23T12:12:18.794Z
Transference Online Shopping Gagustha,-154.36,2020-10-13T08:22:24.088Z
Transference Online Shopping Gagustha,-192.73,2020-10-28T07:53:46.736Z
Transference from Steve Joe,5.51,2020-10-03T13:27:21.163Z
Transference from Steve Joe,2.16,2020-10-27T13:57:19.385Z
Transference from Steve Joe,-4.71,2020-10-20T10:29:55.639Z
Transference from Steve Joe,-18.82,2020-10-16T07:41:10.298Z
Transference Electric Sflinder,-239.26,2020-10-05T13:05:55.298Z
Transference Internet FeFa Telecomunications,-65,2020-10-08T15:29:33.253Z
Salary from ABC-inc,3500,2020-09-01T23:39:11.893Z
Transference Restaurant Caposhes,-91.99,2020-09-01T04:57:47.357Z
Transference Restaurant Caposhes,-70.51,2020-09-30T11:47:10.235Z
Transference Restaurant Caposhes,-89.37,2020-09-15T23:46:19.584Z
Transference Supermarket Glaschaeder,-47.38,2020-09-28T12:27:58.282Z
Transference Supermarket Glaschaeder,-35.55,2020-09-12T18:51:03.638Z
Transference Supermarket Glaschaeder,-94.05,2020-09-22T14:48:22.731Z
Transference Supermarket Glaschaeder,-68.72,2020-09-02T03:00:18.548Z
Transference Supermarket Glaschaeder,-76.35,2020-09-23T11:24:40.922Z
Transference Supermarket Glaschaeder,-109.62,2020-09-09T10:42:05.444Z
Transference Online Shopping Gagustha,-129.9,2020-09-10T05:43:05.387Z
Transference Online Shopping Gagustha,-169.23,2020-09-15T09:39:34.247Z
Transference from Steve Joe,-10.85,2020-09-18T17:33:02.288Z
Transference from Steve Joe,15.71,2020-09-04T21:06:53.713Z
Transference from Steve Joe,-13.49,2020-09-28T06:35:00.804Z
Transference from Steve Joe,-14.09,2020-09-27T00:23:02.683Z
Transference Electric Sflinder,-243.05,2020-09-05T07:50:08.768Z
Transference Internet FeFa Telecomunications,-65,2020-09-08T19:42:54.238Z
Salary from ABC-inc,3500,2020-08-02T03:10:52.410Z
Transference Restaurant Caposhes,-64.9,2020-08-16T00:27:08.424Z
Transference Restaurant Caposhes,-41.74,2020-08-11T01:47:13.171Z
Transference Restaurant Caposhes,-65.15,2020-08-13T03:06:54.944Z
Transference Restaurant Caposhes,-103.3,2020-08-09T14:41:17.893Z
Transference Supermarket Glaschaeder,-84.61,2020-08-24T20:18:01.675Z
Transference Supermarket Glaschaeder,-135.38,2020-08-17T17:41:58.187Z
Transference Supermarket Glaschaeder,-30.65,2020-08-01T02:45:52.265Z
Transference Supermarket Glaschaeder,-188.53,2020-08-03T09:39:40.512Z
Transference Supermarket Glaschaeder,-173.84,2020-08-25T20:49:28.770Z
Transference Supermarket Glaschaeder,-160.05,2020-08-21T08:29:12.641Z
Transference Supermarket Glaschaeder,-72.86,2020-08-12T04:40:13.592Z
Transference Online Shopping Gagustha,-31.3,2020-08-28T01:16:41.542Z
Transference Online Shopping Gagustha,-88.89,2020-08-27T23:23:42.820Z
Transference from Steve Joe,-17.45,2020-08-29T06:46:53.564Z
Transference from Steve Joe,-5.43,2020-08-04T09:54:09.834Z
Transference Electric Sflinder,-201.95,2020-08-05T07:31:51.061Z
Transference Internet FeFa Telecomunications,-65,2020-08-08T20:26:32.811Z
Salary from ABC-inc,3500,2020-07-02T18:57:10.990Z
Transference Restaurant Caposhes,-104.89,2020-07-08T03:41:28.697Z
Transference Restaurant Caposhes,-45.26,2020-07-25T20:49:25.707Z
Transference Restaurant Caposhes,-116.07,2020-07-26T14:37:58.837Z
Transference Restaurant Caposhes,-100.85,2020-07-31T06:33:56.802Z
Transference Supermarket Glaschaeder,-120.93,2020-07-16T01:24:08.525Z
Transference Supermarket Glaschaeder,-187.02,2020-07-25T02:54:00.368Z
Transference Supermarket Glaschaeder,-30.37,2020-07-06T12:22:48.360Z
Transference Supermarket Glaschaeder,-25.15,2020-07-21T00:55:39.678Z
Transference Supermarket Glaschaeder,-180.21,2020-07-11T08:21:28.571Z
Transference Supermarket Glaschaeder,-110.16,2020-07-28T02:12:51.594Z
Transference Supermarket Glaschaeder,-71.1,2020-07-07T06:46:15.540Z
Transference Supermarket Glaschaeder,-75.57,2020-07-26T22:47:41.976Z
Transference Online Shopping Gagustha,-31.93,2020-07-13T18:49:45.339Z
Transference Online Shopping Gagustha,-95.56,2020-07-27T07:06:41.864Z
Transference Online Shopping Gagustha,-158.27,2020-07-24T05:24:31.869Z
Transference Online Shopping Gagustha,-141.34,2020-07-19T03:13:13.037Z
Transference from Steve Joe,-14.61,2020-07-17T15:07:38.011Z
Transference from Steve Joe,4.28,2020-07-17T19:41:01.593Z
Transference from Steve Joe,-5.48,2020-07-02T23:44:35.188Z
Transference from Steve Joe,2.65,2020-07-03T07:33:43.557Z
Transference Electric Sflinder,-220.71,2020-07-05T21:02:55.137Z
Transference Internet FeFa Telecomunications,-65,2020-07-08T04:03:30.628Z
Salary from ABC-inc,3500,2020-06-02T19:33:29.036Z
Transference Restaurant Caposhes,-54.19,2020-06-25T02:25:28.905Z
Transference Restaurant Caposhes,-56.83,2020-06-20T05:29:20.494Z
Transference Restaurant Caposhes,-35.08,2020-06-20T20:54:22.191Z
Transference Restaurant Caposhes,-119.45,2020-06-15T02:15:22.182Z
Transference Supermarket Glaschaeder,-70.17,2020-06-11T06:41:07.907Z
Transference Supermarket Glaschaeder,-170.27,2020-06-01T03:38:46.970Z
Transference Supermarket Glaschaeder,-50,2020-06-27T10:42:39.219Z
Transference Supermarket Glaschaeder,-111.04,2020-06-27T17:58:36.837Z
Transference Supermarket Glaschaeder,-160.5,2020-06-10T01:32:51.527Z
Transference Supermarket Glaschaeder,-68.46,2020-06-09T12:37:35.803Z
Transference Supermarket Glaschaeder,-121.1,2020-06-26T02:51:56.099Z
Transference Supermarket Glaschaeder,-30.01,2020-06-15T16:43:25.102Z
Transference Online Shopping Gagustha,-194.45,2020-06-21T06:19:16.534Z
Transference Online Shopping Gagustha,-197.31,2020-06-05T09:36:52.049Z
Transference Online Shopping Gagustha,-22.66,2020-06-18T06:04:59.562Z
Transference Online Shopping Gagustha,-78.28,2020-06-18T23:12:04.468Z
Transference Online Shopping Gagustha,-190.51,2020-06-01T04:10:32.022Z
Transference from Steve Joe,10.26,2020-06-01T11:54:04.431Z
Transference from Steve Joe,19.63,2020-06-09T07:13:58.063Z
Transference from Steve Joe,-14.71,2020-06-13T05:58:26.628Z
Transference Electric Sflinder,-216.51,2020-06-05T16:49:29.463Z
Transference Internet FeFa Telecomunications,-65,2020-06-08T06:13:01.986Z
Salary from ABC-inc,3500,2020-05-02T04:52:03.165Z
Transference Restaurant Caposhes,-72.69,2020-05-23T08:46:05.650Z
Transference Restaurant Caposhes,-101.02,2020-05-06T05:05:48.242Z
Transference Restaurant Caposhes,-55.48,2020-05-01T19:44:48.921Z
Transference Restaurant Caposhes,-58.27,2020-05-21T16:22:02.467Z
Transference Supermarket Glaschaeder,-131.59,2020-05-15T15:22:29.970Z
Transference Supermarket Glaschaeder,-65.6,2020-05-15T07:51:17.593Z
Transference Supermarket Glaschaeder,-195.15,2020-05-22T08:47:44.356Z
Transference Supermarket Glaschaeder,-172.52,2020-05-10T08:54:59.903Z
Transference Supermarket Glaschaeder,-33.81,2020-05-18T07:52:28.737Z
Transference Supermarket Glaschaeder,-162.81,2020-05-09T02:53:09.883Z
Transference Supermarket Glaschaeder,-117.09,2020-05-04T15:00:50.574Z
Transference Supermarket Glaschaeder,-47.2,2020-05-31T03:11:27.178Z
Transference Supermarket Glaschaeder,-193.05,2020-05-03T16:10:25.570Z
Transference Supermarket Glaschaeder,-196.24,2020-05-23T22:37:05.285Z
Transference Supermarket Glaschaeder,-67.95,2020-05-26T12:19:32.457Z
Transference Supermarket Glaschaeder,-40.34,2020-05-08T01:44:12.590Z
Transference Supermarket Glaschaeder,-63.01,2020-05-07T23:20:44.445Z
Transference Supermarket Glaschaeder,-160.1,2020-05-30T03:55:17.263Z
Transference Online Shopping Gagustha,-57.64,2020-05-19T23:25:15.557Z
Transference Online Shopping Gagustha,-124.93,2020-05-29T12:50:25.165Z
Transference Online Shopping Gagustha,-52.73,2020-05-30T12:23:46.620Z
Transference Online Shopping Gagustha,-160.41,2020-05-09T05:40:01.997Z
Transference from Steve Joe,-18.07,2020-05-03T19:05:06.292Z
Transference from Steve Joe,12.88,2020-05-27T21:27:32.958Z
Transference from Steve Joe,14.44,2020-05-08T04:20:12.797Z
Transference from Steve Joe,9.79,2020-05-24T16:44:50.512Z
Transference from Steve Joe,-6.94,2020-05-20T23:07:54.626Z
Transference from Steve Joe,15.57,2020-05-03T04:42:21.732Z
Transference from Steve Joe,2.4,2020-05-27T00:03:59.731Z
Transference Electric Sflinder,-205.66,2020-05-05T19:00:02.049Z
Transference Internet FeFa Telecomunications,-65,2020-05-08T13:21:49.152Z
Salary from ABC-inc,3500,2020-04-02T00:41:37.226Z
Transference Restaurant Caposhes,-67.09,2020-04-15T15:39:03.504Z
Transference Restaurant Caposhes,-114.14,2020-04-15T02:56:50.894Z
Transference Restaurant Caposhes,-36.4,2020-04-29T18:52:09.427Z
Transference Supermarket Glaschaeder,-98.56,2020-04-22T07:37:14.169Z
Transference Supermarket Glaschaeder,-178.62,2020-04-15T02:46:01.324Z
Transference Supermarket Glaschaeder,-146.13,2020-04-22T08:52:35.578Z
Transference Supermarket Glaschaeder,-54.35,2020-04-17T00:28:30.537Z
Transference Supermarket Glaschaeder,-31.45,2020-04-15T13:41:37.644Z
Transference Supermarket Glaschaeder,-20.5,2020-04-10T16:37:38.571Z
Transference Supermarket Glaschaeder,-48.33,2020-04-21T22:31:39.893Z
Transference Supermarket Glaschaeder,-27.09,2020-04-29T10:11:32.609Z
Transference Supermarket Glaschaeder,-81.4,2020-04-16T11:38:41.878Z
Transference Supermarket Glaschaeder,-74.47,2020-04-12T19:14:25.248Z
Transference Supermarket Glaschaeder,-117.68,2020-04-24T02:40:34.108Z
Transference from Steve Joe,-5.41,2020-04-20T15:17:35.057Z
Transference from Steve Joe,18.25,2020-04-15T16:24:51.840Z
Transference from Steve Joe,17.98,2020-04-11T08:05:41.027Z
Transference Electric Sflinder,-217.43,2020-04-05T08:43:32.250Z
Transference Internet FeFa Telecomunications,-65,2020-04-08T00:06:22.917Z
Salary from ABC-inc,3500,2020-03-02T08:36:22.901Z
Transference Restaurant Caposhes,-69.43,2020-03-31T01:12:21.374Z
Transference Restaurant Caposhes,-37.17,2020-03-04T05:34:32.602Z
Transference Restaurant Caposhes,-75.67,2020-03-17T02:36:42.822Z
Transference Restaurant Caposhes,-75.66,2020-03-10T13:44:58.126Z
Transference Supermarket Glaschaeder,-21.28,2020-03-25T20:25:59.855Z
Transference Supermarket Glaschaeder,-128.71,2020-03-14T17:58:08.335Z
Transference Supermarket Glaschaeder,-182.17,2020-03-03T18:49:21.958Z
Transference Supermarket Glaschaeder,-88.84,2020-03-21T02:18:33.592Z
Transference Supermarket Glaschaeder,-55.33,2020-03-07T15:56:43.726Z
Transference Supermarket Glaschaeder,-119.3,2020-03-01T07:11:39.755Z
Transference Supermarket Glaschaeder,-148.42,2020-03-11T13:23:04.389Z
Transference Supermarket Glaschaeder,-121.24,2020-03-09T17:57:57.811Z
Transference Online Shopping Gagustha,-50.94,2020-03-30T06:43:30.154Z
Transference Online Shopping Gagustha,-94.87,2020-03-19T04:23:07.496Z
Transference Online Shopping Gagustha,-55.06,2020-03-24T13:51:24.507Z
Transference Online Shopping Gagustha,-21.77,2020-03-27T05:23:56.212Z
Transference from Steve Joe,-1,2020-03-06T15:37:43.073Z
Transference from Steve Joe,5.11,2020-03-17T08:20:52.640Z
Transference from Steve Joe,4.89,2020-03-05T02:27:21.095Z
Transference from Steve Joe,-6.55,2020-03-13T09:58:25.383Z
Transference Electric Sflinder,-237.02,2020-03-05T05:44:12.942Z
Transference Internet FeFa Telecomunications,-65,2020-03-08T09:58:37.357Z